{"model":{"version":2,"nodes":[{"name":"RootNode","position":[0,0,0],"rotation":[0,0,0],"scale":[1,1,1]},{"name":"brick_wall_medium_without_top","position":[0,1.31203,0],"rotation":[-180,-0,180],"scale":[0.01,0.01,0.01]}],"parents":[-1,0],"skins":[],"vertices":[{"position":{"type":"float32","components":3,"data":[7.85825,86.0693,264.757,7.85825,86.0693,-264.756,-7.85825,86.0693,264.757,-7.85825,86.0693,-264.756,-7.85825,85.0693,265.757,-7.85825,-128.104,265.757,7.85825,85.0693,265.757,7.85825,-128.104,265.757,8.85825,85.0693,-264.756,8.85825,85.0693,264.757,8.85825,-128.104,264.757,8.85825,-128.104,-264.756,-7.85825,-128.104,-265.756,-7.85825,85.0693,-265.756,7.85825,-128.104,-265.756,7.85825,85.0693,-265.756,-8.85825,-128.104,-264.756,-8.85825,-128.104,264.757,-8.85825,85.0693,264.757,-8.85825,85.0693,-264.756,-7.85825,85.0693,265.757,-7.85825,86.0693,264.757,-8.85825,85.0693,264.757,8.85825,85.0693,264.757,7.85825,86.0693,264.757,7.85825,85.0693,265.757,-8.85825,85.0693,-264.756,-7.85825,86.0693,-264.756,-7.85825,85.0693,-265.756,7.85825,85.0693,-265.756,7.85825,86.0693,-264.756,8.85825,85.0693,-264.756,7.85825,85.0693,265.757,-7.85825,86.0693,264.757,-7.85825,85.0693,265.757,7.85825,86.0693,264.757,8.85825,85.0693,264.757,8.85825,85.0693,-264.756,7.85825,86.0693,264.757,7.85825,86.0693,-264.756,7.85825,85.0693,-265.756,-7.85825,85.0693,-265.756,7.85825,86.0693,-264.756,-7.85825,86.0693,-264.756,-7.85825,86.0693,264.757,-7.85825,86.0693,-264.756,-8.85825,85.0693,264.757,-8.85825,85.0693,-264.756,7.85825,85.0693,265.757,7.85825,-128.104,265.757,8.85825,85.0693,264.757,8.85825,-128.104,264.757,-8.85825,85.0693,264.757,-8.85825,-128.104,264.757,-7.85825,85.0693,265.757,-7.85825,-128.104,265.757,7.85825,-128.104,-265.756,7.85825,85.0693,-265.756,8.85825,-128.104,-264.756,8.85825,85.0693,-264.756,-8.85825,-128.104,-264.756,-8.85825,85.0693,-264.756,-7.85825,-128.104,-265.756,-7.85825,85.0693,-265.756,8.85825,-128.104,264.757,-8.85825,-128.104,264.757,8.85825,-128.104,-264.756,-7.85825,-128.104,265.757,-8.85825,-128.104,-264.756,-7.85825,-128.104,-265.756,7.85825,-128.104,-265.756,7.85825,-128.104,265.757]},"normal":{"type":"float32","components":3,"data":[0,1,0,0,1,0,0,1,0,0,1,0,0,0,1,0,0,1,0,0,1,0,0,1,1,0,0,1,0,0,1,0,0,1,0,0,0,0,-1,0,0,-1,0,0,-1,0,0,-1,-1,0,0,-1,0,0,-1,0,0,-1,0,0,-0.57735,0.57735,0.57735,-0.57735,0.57735,0.57735,-0.57735,0.57735,0.57735,0.57735,0.57735,0.57735,0.57735,0.57735,0.57735,0.57735,0.57735,0.57735,-0.57735,0.57735,-0.57735,-0.57735,0.57735,-0.57735,-0.57735,0.57735,-0.57735,0.57735,0.57735,-0.57735,0.57735,0.57735,-0.57735,0.57735,0.57735,-0.57735,0,0.707108,0.707105,0,0.707108,0.707105,0,0.707108,0.707105,0,0.707108,0.707105,0.707107,0.707107,0,0.707107,0.707107,0,0.707107,0.707107,0,0.707107,0.707107,0,0,0.707108,-0.707105,0,0.707108,-0.707105,0,0.707108,-0.707105,0,0.707108,-0.707105,-0.707107,0.707107,0,-0.707107,0.707107,0,-0.707107,0.707107,0,-0.707107,0.707107,0,0.707104,0,0.707109,0.707104,0,0.707109,0.707104,0,0.707109,0.707104,0,0.707109,-0.707104,0,0.707109,-0.707104,0,0.707109,-0.707104,0,0.707109,-0.707104,0,0.707109,0.707104,0,-0.707109,0.707104,0,-0.707109,0.707104,0,-0.707109,0.707104,0,-0.707109,-0.707104,0,-0.707109,-0.707104,0,-0.707109,-0.707104,0,-0.707109,-0.707104,0,-0.707109,0,-1,0,0,-1,0,0,-1,0,0,-1,0,0,-1,0,0,-1,0,0,-1,0,0,-1,0]},"texCoord0":{"type":"float32","components":2,"data":[0.5512,-1.2243,0.5512,2.2243,0.4488,-1.2243,0.4488,2.2243,0.4488,1.1909,0.4488,-0.1974,0.5512,1.1909,0.5512,-0.1974,2.2243,1.1909,-1.2243,1.1909,-1.2243,-0.1974,2.2243,-0.1974,0.5512,-0.1974,0.5512,1.1909,0.4488,-0.1974,0.4488,1.1909,-1.2243,-0.1974,2.2243,-0.1974,2.2243,1.1909,-1.2243,1.1909,2.2308,1.1909,2.2243,1.1974,2.2243,1.1909,0.5577,1.1909,0.5512,1.1974,0.5512,1.1909,0.5577,1.1909,0.5512,1.1974,0.5512,1.1909,2.2308,1.1909,2.2243,1.1974,2.2243,1.1909,0.5512,1.1909,0.4488,1.1974,0.4488,1.1909,0.5512,1.1974,-1.2243,1.1909,2.2243,1.1909,-1.2243,1.1974,2.2243,1.1974,0.4488,1.1909,0.5512,1.1909,0.4488,1.1974,0.5512,1.1974,2.2243,1.1974,-1.2243,1.1974,2.2243,1.1909,-1.2243,1.1909,0.5512,1.1909,0.5512,-0.1974,0.5577,1.1909,0.5577,-0.1974,2.2243,1.1909,2.2243,-0.1974,2.2308,1.1909,2.2308,-0.1974,2.2308,-0.1974,2.2308,1.1909,2.2243,-0.1974,2.2243,1.1909,0.5577,-0.1974,0.5577,1.1909,0.5512,-0.1974,0.5512,1.1909,0.4423,-1.2243,0.5577,-1.2243,0.4423,2.2243,0.5512,-1.2308,0.5577,2.2243,0.5512,2.2308,0.4488,2.2308,0.4488,-1.2308]}}],"meshes":[{"aabb":{"min":[-8.85825,-128.104,-265.756],"max":[8.85825,86.0693,265.757]},"vertices":0,"indices":[0,1,2,2,1,3,4,5,6,6,5,7,8,9,10,10,11,8,12,13,14,14,13,15,16,17,18,18,19,16,20,21,22,23,24,25,26,27,28,29,30,31,32,33,34,33,32,35,36,37,38,38,37,39,40,41,42,43,42,41,44,45,46,46,45,47,48,49,50,50,49,51,52,53,54,54,53,55,56,57,58,58,57,59,60,61,62,62,61,63,64,65,66,65,64,67,66,65,68,66,68,69,66,69,70,67,64,71],"type":"triangles","base":0,"count":108}],"meshInstances":[{"node":1,"mesh":0}]}}